{"cameraMode":{"drawMode":0,"name":"Shaded","section":"Shading Mode"},"sceneLighting":true,"audioPlay":false,"sceneViewState":{"m_AlwaysRefresh":false,"showFog":true,"showSkybox":true,"showFlares":true,"showImageEffects":true,"showParticleSystems":true,"showVisualEffectGraphs":true,"m_FxEnabled":true},"in2DMode":false,"pivot":{"x":2.8859996795654299,"y":2.227999687194824,"z":-0.0029997825622558595},"rotation":{"x":-0.07068069279193878,"y":0.9093276858329773,"z":-0.17281410098075868,"w":-0.37186676263809206},"size":12.12435531616211,"orthographic":false}