{"cameraMode":{"drawMode":0,"name":"Shaded","section":"Shading Mode"},"sceneLighting":true,"audioPlay":false,"sceneViewState":{"m_AlwaysRefresh":false,"showFog":true,"showSkybox":true,"showFlares":true,"showImageEffects":true,"showParticleSystems":true,"showVisualEffectGraphs":true,"m_FxEnabled":true},"in2DMode":false,"pivot":{"x":2.010000228881836,"y":11.170000076293946,"z":-26.19000244140625},"rotation":{"x":0.013910598121583462,"y":0.9817643761634827,"z":0.07939520478248596,"w":-0.17226570844650269},"size":16.764522552490236,"orthographic":true}