{"cameraMode":{"drawMode":0,"name":"Shaded","section":"Shading Mode"},"sceneLighting":true,"audioPlay":false,"sceneViewState":{"m_AlwaysRefresh":false,"showFog":true,"showSkybox":true,"showFlares":true,"showImageEffects":true,"showParticleSystems":true,"showVisualEffectGraphs":true,"m_FxEnabled":false},"in2DMode":false,"pivot":{"x":11.892436027526856,"y":3.320627450942993,"z":11.270176887512207},"rotation":{"x":-0.029512900859117509,"y":0.26371607184410097,"z":0.008073202334344387,"w":0.9641163945198059},"size":10.76639175415039,"orthographic":false}