{"cameraMode":{"drawMode":0,"name":"Shaded","section":"Shading Mode"},"sceneLighting":true,"audioPlay":false,"sceneViewState":{"m_AlwaysRefresh":false,"showFog":true,"showSkybox":true,"showFlares":true,"showImageEffects":true,"showParticleSystems":true,"showVisualEffectGraphs":true,"m_FxEnabled":false},"in2DMode":false,"pivot":{"x":0.9493659138679504,"y":-1.527651309967041,"z":12.602590560913086},"rotation":{"x":-0.13250122964382173,"y":0.010679014958441258,"z":-0.0014257103903219104,"w":-0.9911377429962158},"size":10.886856079101563,"orthographic":false}