{"cameraMode":{"drawMode":0,"name":"Shaded","section":"Shading Mode"},"sceneLighting":true,"audioPlay":false,"sceneViewState":{"m_AlwaysRefresh":false,"showFog":true,"showSkybox":true,"showFlares":true,"showImageEffects":true,"showParticleSystems":true,"showVisualEffectGraphs":true,"m_FxEnabled":true},"in2DMode":false,"pivot":{"x":0.5659999847412109,"y":2.3499999046325685,"z":-14.949999809265137},"rotation":{"x":0.36063581705093386,"y":0.04055335745215416,"z":-0.015689006075263025,"w":0.9317063093185425},"size":5.5238938331604,"orthographic":false}