{"cameraMode":{"drawMode":0,"name":"Shaded","section":"Shading Mode"},"sceneLighting":true,"audioPlay":false,"sceneViewState":{"m_AlwaysRefresh":false,"showFog":true,"showSkybox":true,"showFlares":true,"showImageEffects":true,"showParticleSystems":true,"showVisualEffectGraphs":true,"m_FxEnabled":false},"in2DMode":false,"pivot":{"x":4.300795078277588,"y":2.1407759189605715,"z":-13.334014892578125},"rotation":{"x":-0.011170512065291405,"y":-0.19905832409858704,"z":0.0022658284287899734,"w":-0.979930579662323},"size":2.638206720352173,"orthographic":false}