{"cameraMode":{"drawMode":0,"name":"Shaded","section":"Shading Mode"},"sceneLighting":true,"audioPlay":false,"sceneViewState":{"m_AlwaysRefresh":false,"showFog":true,"showSkybox":true,"showFlares":true,"showImageEffects":true,"showParticleSystems":true,"showVisualEffectGraphs":true,"m_FxEnabled":true},"in2DMode":false,"pivot":{"x":17.858327865600587,"y":2.2715249061584474,"z":1.2065092325210572},"rotation":{"x":-0.028129642829298974,"y":-0.7329298257827759,"z":0.03035668097436428,"w":-0.6790521144866943},"size":7.660891532897949,"orthographic":false}