{"cameraMode":{"drawMode":0,"name":"Shaded","section":"Shading Mode"},"sceneLighting":true,"audioPlay":false,"sceneViewState":{"m_AlwaysRefresh":false,"showFog":true,"showSkybox":true,"showFlares":true,"showImageEffects":true,"showParticleSystems":true,"showVisualEffectGraphs":true,"m_FxEnabled":true},"in2DMode":false,"pivot":{"x":-1.3168607950210572,"y":9.015650749206543,"z":-16.568635940551759},"rotation":{"x":0.0022310023196041586,"y":0.736169159412384,"z":-0.6767902374267578,"w":0.0024264284875243904},"size":17.210079193115236,"orthographic":false}