{"cameraMode":{"drawMode":0,"name":"Shaded","section":"Shading Mode"},"sceneLighting":true,"audioPlay":false,"sceneViewState":{"m_AlwaysRefresh":false,"showFog":true,"showSkybox":true,"showFlares":true,"showImageEffects":true,"showParticleSystems":true,"showVisualEffectGraphs":true,"m_FxEnabled":true},"in2DMode":false,"pivot":{"x":-7.5508527755737309,"y":1.5638490915298463,"z":-5.525862693786621},"rotation":{"x":0.010549050755798817,"y":0.6802786588668823,"z":-0.009798825718462468,"w":0.7328240275382996},"size":2.216003179550171,"orthographic":false}