{"cameraMode":{"drawMode":0,"name":"Shaded","section":"Shading Mode"},"sceneLighting":true,"audioPlay":false,"sceneViewState":{"m_AlwaysRefresh":false,"showFog":true,"showSkybox":true,"showFlares":true,"showImageEffects":true,"showParticleSystems":true,"showVisualEffectGraphs":true,"m_FxEnabled":true},"in2DMode":false,"pivot":{"x":378.31500244140627,"y":144.24365234375,"z":30.11370849609375},"rotation":{"x":0.0045625679194927219,"y":0.9619514346122742,"z":-0.27277401089668276,"w":0.01617235690355301},"size":501.70037841796877,"orthographic":true}