{"cameraMode":{"drawMode":0,"name":"Shaded","section":"Shading Mode"},"sceneLighting":true,"audioPlay":false,"sceneViewState":{"m_AlwaysRefresh":false,"showFog":true,"showSkybox":true,"showFlares":true,"showImageEffects":true,"showParticleSystems":true,"showVisualEffectGraphs":true,"m_FxEnabled":true},"in2DMode":false,"pivot":{"x":1.3599998950958253,"y":4.214991569519043,"z":-1.1999998092651368},"rotation":{"x":-0.20141829550266267,"y":-0.009700612165033818,"z":0.001977331005036831,"w":-0.9794815182685852},"size":12.12435531616211,"orthographic":false}