{"cameraMode":{"drawMode":0,"name":"Shaded","section":"Shading Mode"},"sceneLighting":true,"audioPlay":false,"sceneViewState":{"m_AlwaysRefresh":false,"showFog":true,"showSkybox":true,"showFlares":true,"showImageEffects":true,"showParticleSystems":true,"showVisualEffectGraphs":true,"m_FxEnabled":true},"in2DMode":false,"pivot":{"x":6.060346603393555,"y":3.1614136695861818,"z":11.51929759979248},"rotation":{"x":-0.04534848779439926,"y":0.7383324503898621,"z":-0.04994456097483635,"w":-0.6710979342460632},"size":0.07578997313976288,"orthographic":false}