{"cameraMode":{"drawMode":0,"name":"Shaded","section":"Shading Mode"},"sceneLighting":true,"audioPlay":false,"sceneViewState":{"m_AlwaysRefresh":false,"showFog":true,"showSkybox":true,"showFlares":true,"showImageEffects":true,"showParticleSystems":true,"showVisualEffectGraphs":true,"m_FxEnabled":true},"in2DMode":false,"pivot":{"x":2.676912546157837,"y":2.0315937995910646,"z":-8.207809448242188},"rotation":{"x":-0.002155567519366741,"y":-0.8307610750198364,"z":0.003248264780268073,"w":-0.5566492080688477},"size":2.2115159034729006,"orthographic":false}