{"cameraMode":{"drawMode":0,"name":"Shaded","section":"Shading Mode"},"sceneLighting":true,"audioPlay":false,"sceneViewState":{"m_AlwaysRefresh":false,"showFog":true,"showSkybox":true,"showFlares":true,"showImageEffects":true,"showParticleSystems":true,"showVisualEffectGraphs":true,"m_FxEnabled":true},"in2DMode":false,"pivot":{"x":11.980069160461426,"y":1.8404905796051026,"z":-21.789342880249025},"rotation":{"x":-0.0008706466178409755,"y":0.24440638720989228,"z":-0.0002200118760811165,"w":-0.9696757793426514},"size":1.2908912897109986,"orthographic":false}