{"cameraMode":{"drawMode":0,"name":"Shaded","section":"Shading Mode"},"sceneLighting":true,"audioPlay":false,"sceneViewState":{"m_AlwaysRefresh":false,"showFog":true,"showSkybox":true,"showFlares":true,"showImageEffects":true,"showParticleSystems":true,"showVisualEffectGraphs":true,"m_FxEnabled":true},"in2DMode":false,"pivot":{"x":0.6676075458526611,"y":1.5633113384246827,"z":-0.6793932914733887},"rotation":{"x":-0.11874955892562866,"y":-0.767005980014801,"z":0.14863340556621552,"w":-0.6128106117248535},"size":1.2002298831939698,"orthographic":false}
