{"cameraMode":{"drawMode":0,"name":"Shaded","section":"Shading Mode"},"sceneLighting":true,"audioPlay":false,"sceneViewState":{"m_AlwaysRefresh":false,"showFog":true,"showSkybox":true,"showFlares":true,"showImageEffects":true,"showParticleSystems":true,"showVisualEffectGraphs":true,"m_FxEnabled":true},"in2DMode":false,"pivot":{"x":-13.343286514282227,"y":0.8745486736297607,"z":43.2508659362793},"rotation":{"x":-0.033537689596414569,"y":-0.5409642457962036,"z":0.021591870114207269,"w":-0.8401049971580505},"size":13.652478218078614,"orthographic":false}