{"cameraMode":{"drawMode":0,"name":"Shaded","section":"Shading Mode"},"sceneLighting":true,"audioPlay":false,"sceneViewState":{"m_AlwaysRefresh":false,"showFog":true,"showSkybox":true,"showFlares":true,"showImageEffects":true,"showParticleSystems":true,"showVisualEffectGraphs":true,"m_FxEnabled":true},"in2DMode":false,"pivot":{"x":-26.248390197753908,"y":1.9473137855529786,"z":31.29693603515625},"rotation":{"x":-0.053508512675762179,"y":0.8615284562110901,"z":-0.09288209676742554,"w":-0.4962789714336395},"size":1.2763646841049195,"orthographic":false}