{"cameraMode":{"drawMode":0,"name":"Shaded","section":"Shading Mode"},"sceneLighting":true,"audioPlay":false,"sceneViewState":{"m_AlwaysRefresh":false,"showFog":true,"showSkybox":true,"showFlares":true,"showImageEffects":true,"showParticleSystems":true,"showVisualEffectGraphs":true,"m_FxEnabled":true},"in2DMode":false,"pivot":{"x":3.6951093673706056,"y":1.8455853462219239,"z":-20.733579635620118},"rotation":{"x":0.057027820497751239,"y":-0.7166748642921448,"z":0.059089545160532,"w":0.6926068663597107},"size":5.557662487030029,"orthographic":false}