{"cameraMode":{"drawMode":0,"name":"Shaded","section":"Shading Mode"},"sceneLighting":true,"audioPlay":false,"sceneViewState":{"m_AlwaysRefresh":false,"showFog":true,"showSkybox":true,"showFlares":true,"showImageEffects":true,"showParticleSystems":true,"showVisualEffectGraphs":true,"m_FxEnabled":true},"in2DMode":false,"pivot":{"x":31.61355209350586,"y":103.62434387207031,"z":-107.29318237304688},"rotation":{"x":-0.184547558426857,"y":0.06304220855236054,"z":-0.011863569729030133,"w":-0.9807335138320923},"size":57.899967193603519,"orthographic":false}