{"cameraMode":{"drawMode":0,"name":"Shaded","section":"Shading Mode"},"sceneLighting":true,"audioPlay":false,"sceneViewState":{"m_AlwaysRefresh":false,"showFog":true,"showSkybox":true,"showFlares":true,"showImageEffects":true,"showParticleSystems":true,"showVisualEffectGraphs":true,"m_FxEnabled":true},"in2DMode":false,"pivot":{"x":-11.903186798095704,"y":1.7821519374847413,"z":-3.5304558277130129},"rotation":{"x":0.013602339662611485,"y":-0.8790016174316406,"z":-0.02470453269779682,"w":-0.47616130113601687},"size":3.372328281402588,"orthographic":false}