{"cameraMode":{"drawMode":0,"name":"Shaded","section":"Shading Mode"},"sceneLighting":true,"audioPlay":false,"sceneViewState":{"m_AlwaysRefresh":false,"showFog":true,"showSkybox":true,"showFlares":true,"showImageEffects":true,"showParticleSystems":true,"showVisualEffectGraphs":true,"m_FxEnabled":false},"in2DMode":false,"pivot":{"x":-33.84181213378906,"y":2.822465181350708,"z":30.228988647460939},"rotation":{"x":-0.010488552041351796,"y":0.7719043493270874,"z":-0.012736087664961815,"w":-0.6355319023132324},"size":5.394213676452637,"orthographic":false}