{"cameraMode":{"drawMode":0,"name":"Shaded","section":"Shading Mode"},"sceneLighting":true,"audioPlay":false,"sceneViewState":{"m_AlwaysRefresh":false,"showFog":true,"showSkybox":true,"showFlares":true,"showImageEffects":true,"showParticleSystems":true,"showVisualEffectGraphs":true,"m_FxEnabled":true},"in2DMode":false,"pivot":{"x":-11.985918045043946,"y":99.88532257080078,"z":6.914318561553955},"rotation":{"x":0.0022310023196041586,"y":0.736169159412384,"z":-0.6767902374267578,"w":0.0024264284875243904},"size":0.9853011965751648,"orthographic":false}