{"cameraMode":{"drawMode":0,"name":"Shaded","section":"Shading Mode"},"sceneLighting":true,"audioPlay":false,"sceneViewState":{"m_AlwaysRefresh":false,"showFog":true,"showSkybox":true,"showFlares":true,"showImageEffects":true,"showParticleSystems":true,"showVisualEffectGraphs":true,"m_FxEnabled":true},"in2DMode":false,"pivot":{"x":-6.0282182693481449,"y":1.1242971420288087,"z":-22.686748504638673},"rotation":{"x":0.028203830122947694,"y":-0.9063268899917603,"z":0.4172074496746063,"w":0.06126094236969948},"size":21.80879783630371,"orthographic":false}