{"cameraMode":{"drawMode":0,"name":"Shaded","section":"Shading Mode"},"sceneLighting":true,"audioPlay":false,"sceneViewState":{"m_AlwaysRefresh":false,"showFog":true,"showSkybox":true,"showFlares":true,"showImageEffects":true,"showParticleSystems":true,"showVisualEffectGraphs":true,"m_FxEnabled":true},"in2DMode":false,"pivot":{"x":2.9300003051757814,"y":4.828000068664551,"z":-18.481000900268556},"rotation":{"x":0.36063581705093386,"y":0.04055335745215416,"z":-0.015689006075263025,"w":0.9317063093185425},"size":7.274612903594971,"orthographic":false}