{"cameraMode":{"drawMode":0,"name":"Shaded","section":"Shading Mode"},"sceneLighting":true,"audioPlay":false,"sceneViewState":{"m_AlwaysRefresh":false,"showFog":true,"showSkybox":true,"showFlares":true,"showImageEffects":true,"showParticleSystems":true,"showVisualEffectGraphs":true,"m_FxEnabled":false},"in2DMode":false,"pivot":{"x":662.1445922851563,"y":455.03472900390627,"z":-602.8734741210938},"rotation":{"x":-0.004574998747557402,"y":0.9954192042350769,"z":-0.05919073522090912,"w":-0.07544466853141785},"size":259.2806091308594,"orthographic":false}