{"cameraMode":{"drawMode":0,"name":"Shaded","section":"Shading Mode"},"sceneLighting":true,"audioPlay":false,"sceneViewState":{"m_AlwaysRefresh":false,"showFog":true,"showSkybox":true,"showFlares":true,"showImageEffects":true,"showParticleSystems":true,"showVisualEffectGraphs":true,"m_FxEnabled":false},"in2DMode":false,"pivot":{"x":8.876749038696289,"y":0.9886274933815002,"z":4.618638515472412},"rotation":{"x":0.01932387240231037,"y":-0.13759228587150575,"z":0.002624802989885211,"w":0.990359365940094},"size":0.9673165678977966,"orthographic":false}