{"cameraMode":{"drawMode":0,"name":"Shaded","section":"Shading Mode"},"sceneLighting":true,"audioPlay":false,"sceneViewState":{"m_AlwaysRefresh":false,"showFog":true,"showSkybox":true,"showFlares":true,"showImageEffects":true,"showParticleSystems":true,"showVisualEffectGraphs":true,"m_FxEnabled":true},"in2DMode":false,"pivot":{"x":3.9080288410186769,"y":3.527958869934082,"z":90.20919036865235},"rotation":{"x":-0.1146012619137764,"y":0.027719512581825258,"z":-0.0032002022489905359,"w":-0.9930245876312256},"size":33.67696762084961,"orthographic":false}