{"cameraMode":{"drawMode":0,"name":"Shaded","section":"Shading Mode"},"sceneLighting":true,"audioPlay":false,"sceneViewState":{"m_AlwaysRefresh":false,"showFog":true,"showSkybox":true,"showFlares":true,"showImageEffects":true,"showParticleSystems":true,"showVisualEffectGraphs":true,"m_FxEnabled":true},"in2DMode":false,"pivot":{"x":10.372300148010254,"y":2.4700472354888918,"z":-22.732006072998048},"rotation":{"x":-0.01387662161141634,"y":0.6039866209030151,"z":-0.010492933914065361,"w":-0.7968316078186035},"size":3.1038668155670168,"orthographic":false}