{"cameraMode":{"drawMode":0,"name":"Shaded","section":"Shading Mode"},"sceneLighting":true,"audioPlay":false,"sceneViewState":{"m_AlwaysRefresh":false,"showFog":true,"showSkybox":true,"showFlares":true,"showImageEffects":true,"showParticleSystems":true,"showVisualEffectGraphs":true,"m_FxEnabled":true},"in2DMode":false,"pivot":{"x":7.268265724182129,"y":3.3317511081695558,"z":-6.511177062988281},"rotation":{"x":-0.18902288377285005,"y":0.08002757281064987,"z":-0.015458152629435063,"w":-0.9785836338996887},"size":0.05126871168613434,"orthographic":false}